{
  "name": "pancakeswap",
  "timestamp": "2020-08-25T15:41:29.665Z",
  "version": {
    "major": 1,
    "minor": 3,
    "patch": 1
  },
  "tags": {},
  "logoURI": "/images/coins/wbnb.png",
  "keywords": ["pancake", "default"],
  "tokens": [
    {
      "name": "BUSD Token",
      "symbol": "BUSD",
      "address": "0xe9e7cea3dedca5984780bafc599bd69add087d56",
      "chainId": 56,
      "decimals": 18,
      "logoURI": "/images/coins/BUSD.png"
    },
    {
      "name": "Watermelon Token",
      "symbol": "MELON",
      "address": "0xad6caeb32cd2c308980a548bd0bc5aa4306c6c18",
      "chainId": 56,
      "decimals": 18,
      "logoURI": "/images/coins/watermelon-token-white.png"
    }
  ]
}
